sifra,naziv_usluge,broj_putnika,maloprodajna_cijena,valuta,jedinica,posebni_oblik_prodaje,sidrena_cijena,datum_sidrene_cijene,vrijedi_od,napomena
TX-12-START,Taxi prijevoz 1–2 osobe – start (dnevna tarifa 07–22 h),1–2,10.00,EUR,vožnja,ne,10.00,2026-09-10,2026-09-30,Dnevna tarifa 07–22 h – startna cijena
TX-12-KM,Taxi prijevoz 1–2 osobe – kilometar (dnevna tarifa 07–22 h),1–2,2.30,EUR,km,ne,2.00,2026-09-10,2026-09-30,Dnevna tarifa 07–22 h – cijena po prijeđenom kilometru
TX-35-START,Taxi prijevoz 3–5 osoba – start (dnevna tarifa 07–22 h),3–5,10.00,EUR,vožnja,ne,10.00,2026-09-10,2026-09-30,Dnevna tarifa 07–22 h – startna cijena
TX-35-KM,Taxi prijevoz 3–5 osoba – kilometar (dnevna tarifa 07–22 h),3–5,3.00,EUR,km,ne,3.00,2026-09-10,2026-09-30,Dnevna tarifa 07–22 h – cijena po prijeđenom kilometru
TX-68-START,Taxi prijevoz 6–8 osoba – start (dnevna tarifa 07–22 h),6–8,10.00,EUR,vožnja,ne,10.00,2026-09-10,2026-09-30,Dnevna tarifa 07–22 h – startna cijena
TX-68-KM,Taxi prijevoz 6–8 osoba – kilometar (dnevna tarifa 07–22 h),6–8,4.00,EUR,km,ne,4.00,2026-09-10,2026-09-30,Dnevna tarifa 07–22 h – cijena po prijeđenom kilometru
TX-18-NIGHT-START,Taxi prijevoz 1–8 osoba – start (noćna tarifa 22–07 h),1–8,10.00,EUR,vožnja,ne,10.00,2026-09-10,2026-09-30,Noćna tarifa 22–07 h – startna cijena
TX-18-NIGHT-KM,Taxi prijevoz 1–8 osoba – kilometar (noćna tarifa 22–07 h),1–8,4.00,EUR,km,ne,4.00,2026-09-10,2026-09-30,Noćna tarifa 22–07 h – cijena po prijeđenom kilometru
WAIT-60,Čekanje – 60 minuta,,35.00,EUR,sat,ne,35.00,2026-09-10,2026-09-22,Cijena jednog sata čekanja
BAG-1,Prtljaga – jedan kofer,,2.00,EUR,kofer,ne,2.00,2026-09-10,2026-09-22,Naknada po koferu
